Date,Price,Url
11.05.2024.,2200,https://www.njuskalo.hr/nekretnine/bjelovar-centar-troetazni-5-sobni-stan-urbanoj-vili-94-m2-oglas-43627448
11.05.2024.,2200,https://www.njuskalo.hr/nekretnine/bjelovar-centar-dvoetazni-3-sobni-stan-urbanoj-vili-57-m2-oglas-43627550
11.05.2024.,2200,https://www.njuskalo.hr/nekretnine/bjelovar-centar-viseetazni-3s-5s-stanovi-urbanoj-vili-exclusiv-oglas-43558335
11.05.2024.,257807,https://www.njuskalo.hr/nekretnine/bjelovar-sjever-stan-izgradnji-prvi-kat-112.09-m2-oglas-43706540
11.05.2024.,257807,https://www.njuskalo.hr/nekretnine/bjelovar-sjever-stan-izgradnji-prizemlje-112.09-m2-oglas-43706539
11.05.2024.,211186,https://www.njuskalo.hr/nekretnine/bjelovar-sjever-stan-izgradnji-drugi-kat-potkrovlje-91.82-m2-oglas-43706538
10.05.2024.,83000,https://www.njuskalo.hr/nekretnine/stan-centru-garesnica-72.00-m2-oglas-41768021
10.05.2024.,170000,https://www.njuskalo.hr/nekretnine/stan-secesijskoj-kuci-vrtom-centru-bjelovara-oglas-40063240
09.05.2024.,170000,https://www.njuskalo.hr/nekretnine/trosobni-dvoetazni-stan-potkrovlju-oglas-38350887
09.05.2024.,190000,https://www.njuskalo.hr/nekretnine/bjelovar-sjever-stan-prizemlju-143.89-m2-oglas-37395643
09.05.2024.,116750,https://www.njuskalo.hr/nekretnine/bjelovar-sjever-stan-kat-75.32-m2-oglas-37395642
09.05.2024.,99000,https://www.njuskalo.hr/nekretnine/bjelovar-sjever-stan-kat-67.45-m2-oglas-37395641
09.05.2024.,189720,https://www.njuskalo.hr/nekretnine/bjelovar-sjever-cetverosobni-stan-oglas-34563642
09.05.2024.,163508,https://www.njuskalo.hr/nekretnine/bjelovar-centar-dvoetazni-stan-84-m2-izgradnja-2024-godini-oglas-42216839
09.05.2024.,139289,https://www.njuskalo.hr/nekretnine/bjelovar-centar-stan-69-m2-izgradnja-2024-g-oglas-42216838
09.05.2024.,84000,https://www.njuskalo.hr/nekretnine/bjelovar-stan-45.35-m2-oglas-41986095
09.05.2024.,129672,https://www.njuskalo.hr/nekretnine/bjelovar-sjever-stan-izgradnji-72.04-m2-oglas-41578211
09.05.2024.,157014,https://www.njuskalo.hr/nekretnine/bjelovar-sjever-stan-izgradnji-87.23-m2-oglas-41578210
09.05.2024.,145000,https://www.njuskalo.hr/nekretnine/bjelovar-sjever-stan-kuci-135.73-m2-oglas-39058050
09.05.2024.,100,https://www.njuskalo.hr/nekretnine/bjelovar-centar-novouredeni-stan-71.14-m2-oglas-35995990
08.05.2024.,235000,https://www.njuskalo.hr/nekretnine/solin-dvoetazni-stan-65-m2-izvrsnoj-lokaciji-oglas-42013086
08.05.2024.,360000,https://www.njuskalo.hr/nekretnine/zadar-moderan-penthouse-pogledom-more-novogradnja-oglas-43520565
06.05.2024.,160000,https://www.njuskalo.hr/nekretnine/sjever-novouredeni-stan-oglas-40117448
06.05.2024.,115000,https://www.njuskalo.hr/nekretnine/cetverosobni-stan-centru-oglas-38669249
06.05.2024.,200000,https://www.njuskalo.hr/nekretnine/ekskluzivno-cetverosobni-stan-oglas-29609294
05.05.2024.,138000,https://www.njuskalo.hr/nekretnine/stan-grubisno-polje-115.00-m2-oglas-39490063
30.04.2024.,49700,https://www.njuskalo.hr/nekretnine/stan-cazma-47.34-m2-oglas-43594027
25.04.2024.,176111,https://www.njuskalo.hr/nekretnine/bjelovar-zvijerci-cetverosobni-izgradnji-92.69-m2-oglas-43554016
25.04.2024.,169746,https://www.njuskalo.hr/nekretnine/bjelovar-zvijerci-cetverosobni-izgradnji-89.34-m2-oglas-43554015
25.04.2024.,136221,https://www.njuskalo.hr/nekretnine/bjelovar-zvijerci-cetverosobni-izgradnji-80.13-m2-oglas-43554014
25.04.2024.,154955,https://www.njuskalo.hr/nekretnine/bjelovar-zvijerci-cetverosobni-izgradnji-91.15-m2-oglas-43554013
25.04.2024.,143650,https://www.njuskalo.hr/nekretnine/bjelovar-zvijerci-cetverosobni-izgradnji-84.50-m2-oglas-43554012
18.04.2024.,130000,https://www.njuskalo.hr/nekretnine/stan-bjelovar-67.00-m2-oglas-43501272
18.04.2024.,91500,https://www.njuskalo.hr/nekretnine/trosobni-stan-centru-oglas-41169992
18.04.2024.,63000,https://www.njuskalo.hr/nekretnine/dvosobni-stan-centru-oglas-41169991
18.04.2024.,117990,https://www.njuskalo.hr/nekretnine/cetverosobni-stan-potkrovlju-pripadci-bjelovar-120-m-oglas-41639017
17.04.2024.,20000,https://www.njuskalo.hr/nekretnine/stan-oglas-42823695
15.04.2024.,118000,https://www.njuskalo.hr/nekretnine/stan-daruvar-91.57-m2-oglas-43453268
09.04.2024.,100000,https://www.njuskalo.hr/nekretnine/strogi-centar-trosobni-stan-oglas-23998228
08.04.2024.,170000,https://www.njuskalo.hr/nekretnine/bjelovar-centar-4-sobni-stan-116.75-m2-101.33-m2-tavan-oglas-43394832
01.04.2024.,75000,https://www.njuskalo.hr/nekretnine/stan-ulica-alojzija-stepinca-20a-50m2-oglas-41498835
30.03.2024.,152000,https://www.njuskalo.hr/nekretnine/prodaja-stana-novogradnja-borik-bjelovar-oglas-43157598
29.03.2024.,157500,https://www.njuskalo.hr/nekretnine/bjelovar-centar-2s-db-novogradnja-78.75-m2-oglas-37927738
29.03.2024.,244239,https://www.njuskalo.hr/nekretnine/stan-prodaja-daruvar-143.67m2-oglas-39993662
28.03.2024.,146420,https://www.njuskalo.hr/nekretnine/stan-prodaja-bjelovar-73.21m2-oglas-43280961
28.03.2024.,176480,https://www.njuskalo.hr/nekretnine/stan-prodaja-bjelovar-88.24m2-oglas-43280960
15.03.2024.,99000,https://www.njuskalo.hr/nekretnine/daruvar-centar-namjesten-trosobni-stan-oglas-43157271
14.03.2024.,75000,https://www.njuskalo.hr/nekretnine/stan-centar-daruvara-50-m2-oglas-42969828
12.03.2024.,52000,https://www.njuskalo.hr/nekretnine/stan-velikoj-trnovitici-oglas-43141788
10.03.2024.,70000,https://www.njuskalo.hr/nekretnine/stan-grubisno-polje-53.35-m2-oglas-42756019
08.03.2024.,219000,https://www.njuskalo.hr/nekretnine/bjelovar-stan-125m2-centar-oglas-41238813
28.02.2024.,60000,https://www.njuskalo.hr/nekretnine/stan-grubisno-polje-57-m2-2-kat-strogi-centar-useljiv-oglas-42996556
13.02.2024.,140000,https://www.njuskalo.hr/nekretnine/stan-bjelovar-64.22-m2-novogradnja-oglas-42864978
17.01.2024.,75000,https://www.njuskalo.hr/nekretnine/stan-daruvar-97.00-m2-oglas-42564144
31.12.2023.,294424,https://www.njuskalo.hr/nekretnine/stanovi-izgradnji-kuce-nizu-113.24m2-bjelovar-vidikovac-oglas-42042966
31.12.2023.,212318,https://www.njuskalo.hr/nekretnine/stanovi-izgradnji-kuce-nizu-103.57m2-bjelovar-vidikovac-oglas-42042914
31.12.2023.,220176,https://www.njuskalo.hr/nekretnine/stanovi-izgradnji-kuce-nizu-100.08m2-bjelovar-vidikovac-oglas-42042867
30.12.2023.,107000,https://www.njuskalo.hr/nekretnine/stan-cazma-82.55-m2-oglas-42403168
01.12.2023.,166740,https://www.njuskalo.hr/nekretnine/bjelovar-centar-projekt-frankopanska-oglas-41430965
28.11.2023.,171000,https://www.njuskalo.hr/nekretnine/novogradnja-oglas-41963799
28.04.2023.,62500,https://www.njuskalo.hr/nekretnine/stan-daruvar-42-m2-centar-2-kat-renoviran-useljiv-oglas-38697167
13.03.2023.,75000,https://www.njuskalo.hr/nekretnine/stan-daruvar-95-m2-visoko-prizemlje-garaza-lokacija-oglas-39953740
07.10.2022.,91500,https://www.njuskalo.hr/nekretnine/stan-daruvar-61-m2-centar-grada-renoviran-2-kat-potkrovlje-oglas-38697034
04.06.2021.,100,https://www.njuskalo.hr/nekretnine/stan-daruvar-61.00-m2-novogradnja-oglas-34740148
05.11.2019.,80000,https://www.njuskalo.hr/nekretnine/stan-daruvar-kuci-potkrovlje-88-m2-novoureden-odlicna-lokacija-oglas-29943616
08.05.2018.,90000,https://www.njuskalo.hr/nekretnine/stan-daruvar-200-m2-oglas-7235269
08.05.2018.,120000,https://www.njuskalo.hr/nekretnine/stan-daruvar-91-m2-novogradnja-4-sobni-oglas-2011200
31.08.2015.,37000,https://www.njuskalo.hr/nekretnine/stan-daruvar-koncanica-65-m2-useljiv-namjesten-garaza-lokacija-oglas-16407347
06.05.2015.,35000,https://www.njuskalo.hr/nekretnine/stan-daruvar-useljiv-gradskom-korzu-oglas-14707266
06.05.2015.,10000,https://www.njuskalo.hr/nekretnine/stan-veliki-zdenci-38.46-m2-oglas-13025288
